sl_pct,tp_pct,reward_risk,total_trades,wins,losses,win_rate,profit_factor,expectancy,premature_stops,premature_pct,total_profit,total_loss,net_profit
0.5,1.0,2.0,41895,7135,34760,0.17030671917889964,0.4105293440736479,-0.24453992123165055,20456,0.5884925201380897,7135.0,17380.0,-10245.0
0.5,1.5,3.0,41013,6253,34760,0.15246385292468242,0.5396720368239356,-0.19507229415063515,15349,0.4415707710011508,9379.5,17380.0,-8000.5
0.5,2.0,4.0,40136,5376,34760,0.1339445883994419,0.6186421173762946,-0.16513852900139525,11769,0.3385788262370541,10752.0,17380.0,-6628.0
0.5,2.5,5.0,39354,4594,34760,0.11673527468618183,0.6608170310701956,-0.1497941759414545,9015,0.25934982738780205,11485.0,17380.0,-5895.0
0.5,3.0,6.0,38527,3767,34760,0.0977755859527085,0.6502301495972382,-0.1577854491655203,6877,0.19784234752589183,11301.0,17380.0,-6079.0
0.5,4.0,8.0,37307,2547,34760,0.06827136998418527,0.5861910241657077,-0.19277883507116628,4183,0.12033947065592636,10188.0,17380.0,-7192.0
0.5,5.0,10.0,36497,1737,34760,0.04759295284543935,0.49971231300345226,-0.2382387593500836,2634,0.07577675489067894,8685.0,17380.0,-8695.0
0.5,6.0,12.0,35907,1147,34760,0.03194363216086,0.3959723820483314,-0.29236639095440997,1705,0.0490506329113924,6882.0,17380.0,-10498.0
0.5,7.0,14.0,35500,740,34760,0.020845070422535212,0.29804372842347526,-0.3436619718309859,1158,0.03331415420023015,5180.0,17380.0,-12200.0
0.5,8.0,16.0,35269,509,34760,0.014431937395446426,0.23429228998849252,-0.3773285321387054,815,0.02344649021864212,4072.0,17380.0,-13308.0
0.5,10.0,20.0,35037,277,34760,0.007905928018951394,0.15937859608745686,-0.41698775580101033,409,0.011766398158803221,2770.0,17380.0,-14610.0
0.5,12.0,24.0,34884,124,34760,0.00355463822956083,0.0856156501726122,-0.4555670221304896,210,0.0060414269275028765,1488.0,17380.0,-15892.0
0.5,15.0,30.0,34805,45,34760,0.00129291768424077,0.03883774453394707,-0.4799597758942681,98,0.002819332566168009,675.0,17380.0,-16705.0
1.0,1.0,1.0,40027,12571,27456,0.3140630074699578,0.4578598484848485,-0.37187398506008446,15020,0.5470571095571095,12571.0,27456.0,-14885.0
1.0,1.5,1.5,38018,10562,27456,0.27781577147666897,0.5770323426573427,-0.3054605713083276,11040,0.4020979020979021,15843.0,27456.0,-11613.0
1.0,2.0,2.0,36381,8925,27456,0.24532035952832523,0.6501311188811189,-0.26403892141502433,8220,0.2993881118881119,17850.0,27456.0,-9606.0
1.0,2.5,2.5,34920,7464,27456,0.21374570446735394,0.6796328671328671,-0.25189003436426116,6145,0.2238126456876457,18660.0,27456.0,-8796.0
1.0,3.0,3.0,33523,6067,27456,0.18098022253378276,0.6629152097902098,-0.27607910986486894,4577,0.16670308857808858,18201.0,27456.0,-9255.0
1.0,4.0,4.0,31496,4040,27456,0.12827025654051308,0.5885780885780886,-0.35864871729743464,2690,0.09797494172494173,16160.0,27456.0,-11296.0
1.0,5.0,5.0,30147,2691,27456,0.08926261319534282,0.4900568181818182,-0.46442432082794316,1680,0.06118881118881119,13455.0,27456.0,-14001.0
1.0,6.0,6.0,29213,1757,27456,0.06014445623523774,0.3839597902097902,-0.5789888063533357,1095,0.03988199300699301,10542.0,27456.0,-16914.0
1.0,7.0,7.0,28615,1159,27456,0.04050323257033025,0.29549096736596736,-0.675974139437358,739,0.02691579254079254,8113.0,27456.0,-19343.0
1.0,8.0,8.0,28255,799,27456,0.02827818085294638,0.23280885780885782,-0.7454963723234825,525,0.019121503496503496,6392.0,27456.0,-21064.0
1.0,10.0,10.0,27892,436,27456,0.01563172235766528,0.1587995337995338,-0.8280510540656819,250,0.009105477855477856,4360.0,27456.0,-23096.0
1.0,12.0,12.0,27660,204,27456,0.00737527114967462,0.08916083916083917,-0.9041214750542299,130,0.004734848484848485,2448.0,27456.0,-25008.0
1.0,15.0,15.0,27538,82,27456,0.0029777035369307867,0.04479895104895105,-0.9523567434091074,61,0.0022217365967365965,1230.0,27456.0,-26226.0
1.5,1.0,0.6666666666666666,38077,16517,21560,0.4337789216587441,0.5107297464440321,-0.4155526958531398,11074,0.5136363636363637,16517.0,32340.0,-15823.0
1.5,1.5,1.0,35236,13676,21560,0.3881257804518107,0.6343228200371057,-0.3356226586445681,7926,0.3676252319109462,20514.0,32340.0,-11826.0
1.5,2.0,1.3333333333333333,32935,11375,21560,0.34537725823591925,0.7034632034632035,-0.2911795961742827,5770,0.26762523191094617,22750.0,32340.0,-9590.0
1.5,2.5,1.6666666666666667,30944,9384,21560,0.3032574974146846,0.725417439703154,-0.28697001034126157,4225,0.1959647495361781,23460.0,32340.0,-8880.0
1.5,3.0,2.0,29105,7545,21560,0.2592338086239478,0.6999072356215214,-0.3334478611922349,3099,0.14373840445269018,22635.0,32340.0,-9705.0
1.5,4.0,2.6666666666666665,26459,4899,21560,0.18515438981065044,0.6059369202226345,-0.48165085604142244,1831,0.08492578849721708,19596.0,32340.0,-12744.0
1.5,5.0,3.3333333333333335,24793,3233,21560,0.13039970959545033,0.4998453927025356,-0.652401887629573,1138,0.05278293135435993,16165.0,32340.0,-16175.0
1.5,6.0,4.0,23656,2096,21560,0.08860331416976666,0.3888682745825603,-0.83547514372675,756,0.03506493506493506,12576.0,32340.0,-19764.0
1.5,7.0,4.666666666666667,22966,1406,21560,0.06122093529565444,0.30432900432900434,-0.9796220499869372,492,0.02282003710575139,9842.0,32340.0,-22498.0
1.5,8.0,5.333333333333333,22564,1004,21560,0.044495656798439996,0.24836116264687694,-1.07729126041482,320,0.014842300556586271,8032.0,32340.0,-24308.0
1.5,10.0,6.666666666666667,22107,547,21560,0.02474329397928258,0.16914038342609772,-1.2154521192382504,139,0.006447124304267161,5470.0,32340.0,-26870.0
1.5,12.0,8.0,21820,260,21560,0.011915673693858845,0.09647495361781076,-1.3391384051329058,74,0.0034322820037105753,3120.0,32340.0,-29220.0
1.5,15.0,10.0,21668,108,21560,0.0049843086579287425,0.05009276437847866,-1.4177589071441759,35,0.0016233766233766235,1620.0,32340.0,-30720.0
2.0,1.0,0.5,36445,19268,17177,0.528687062697215,0.5608662746696164,-0.413938811908355,8323,0.48454328462478896,19268.0,34354.0,-15086.0
2.0,1.5,0.75,32911,15734,17177,0.4780772386132296,0.6869942364790126,-0.32672966485369637,5868,0.3416196076148338,23601.0,34354.0,-10753.0
2.0,2.0,1.0,30102,12925,17177,0.4293734635572387,0.7524596844617802,-0.28250614577104516,4220,0.24567735925947487,25850.0,34354.0,-8504.0
2.0,2.5,1.25,27716,10539,17177,0.3802496752778179,0.7669412586598359,-0.28887646124981936,3070,0.17872736799208244,26347.5,34354.0,-8006.5
2.0,3.0,1.5,25561,8384,17177,0.3279996870231994,0.7321418175467195,-0.3600015648840029,2260,0.13157128718635386,25152.0,34354.0,-9202.0
2.0,4.0,2.0,22556,5379,17177,0.2384731335343146,0.6263026139605287,-0.5691611987941123,1351,0.07865168539325842,21516.0,34354.0,-12838.0
2.0,5.0,2.5,20695,3518,17177,0.16999275187243296,0.5120218897362753,-0.8100507368929695,853,0.04965942830529196,17590.0,34354.0,-16764.0
2.0,6.0,3.0,19476,2299,17177,0.11804271924419799,0.40152529545322235,-1.0556582460464161,553,0.032194213192059146,13794.0,34354.0,-20560.0
2.0,7.0,3.5,18736,1559,17177,0.08320879590093937,0.31766315421784946,-1.2511208368915456,339,0.019735693077953077,10913.0,34354.0,-23441.0
2.0,8.0,4.0,18281,1104,17177,0.0603905694436847,0.257087966466787,-1.396094305563153,220,0.012807824416370728,8832.0,34354.0,-25522.0
2.0,10.0,5.0,17769,592,17177,0.03331644999718611,0.17232345578389707,-1.6002026000337668,94,0.0054724340688129475,5920.0,34354.0,-28434.0
2.0,12.0,6.0,17459,282,17177,0.016152127842373562,0.09850381323863305,-1.7738702102067703,52,0.003027303952960354,3384.0,34354.0,-30970.0
2.0,15.0,7.5,17299,122,17177,0.007052430776345453,0.05326890609536007,-1.8801086768021273,21,0.001222565057926297,1830.0,34354.0,-32524.0
2.5,1.0,0.4,34868,21271,13597,0.6100435929792359,0.6257556814003089,-0.36484742457267416,6320,0.4648084136206516,21271.0,33992.5,-12721.5
2.5,1.5,0.6,30811,17214,13597,0.5586965694070299,0.759608737221446,-0.26521372237188023,4388,0.32271824667206,25821.0,33992.5,-8171.5
2.5,2.0,0.8,27590,13993,13597,0.5071765132294309,0.8232992571890858,-0.21770569046756094,3152,0.23181584172979333,27986.0,33992.5,-6006.5
2.5,2.5,1.0,24897,11300,13597,0.45386994416998033,0.8310656762521145,-0.2306502791500984,2309,0.16981687136868426,28250.0,33992.5,-5742.5
2.5,3.0,1.2,22550,8953,13597,0.3970288248337029,0.7901448849010811,-0.3163414634146342,1691,0.12436566889755094,26859.0,33992.5,-7133.5
2.5,4.0,1.6,19308,5711,13597,0.29578413093018435,0.6720305949841877,-0.5774031489538018,1019,0.07494300213282341,22844.0,33992.5,-11148.5
2.5,5.0,2.0,17335,3738,13597,0.21563311220074993,0.5498271677575935,-0.8827516584943753,633,0.04655438699713172,18690.0,33992.5,-15302.5
2.5,6.0,2.4,16050,2453,13597,0.15283489096573208,0.432977862763845,-1.2009034267912773,399,0.02934470839155696,14718.0,33992.5,-19274.5
2.5,7.0,2.8,15261,1664,13597,0.10903610510451478,0.3426638229021108,-1.4641570015071095,234,0.01720967860557476,11648.0,33992.5,-22344.5
2.5,8.0,3.2,14760,1163,13597,0.07879403794037941,0.27370743546370524,-1.672662601626016,161,0.011840847245715967,9304.0,33992.5,-24688.5
2.5,10.0,4.0,14210,613,13597,0.043138634764250526,0.18033389718320217,-1.9607670654468685,73,0.005368831359858792,6130.0,33992.5,-27862.5
2.5,12.0,4.8,13893,296,13597,0.021305693514719642,0.10449363830256675,-2.191067444036565,38,0.0027947341325292342,3552.0,33992.5,-30440.5
2.5,15.0,6.0,13725,128,13597,0.009326047358834244,0.05648304773111716,-2.336794171220401,15,0.001103184525998382,1920.0,33992.5,-32072.5
3.0,1.0,0.3333333333333333,33420,22679,10741,0.6786056253740276,0.7038140458678583,-0.2855774985038897,4912,0.45731309933898145,22679.0,32223.0,-9544.0
3.0,1.5,0.5,28973,18232,10741,0.6292755323922272,0.848710548366074,-0.1682601042349775,3370,0.31375104738851134,27348.0,32223.0,-4875.0
3.0,2.0,0.6666666666666666,25474,14733,10741,0.5783544005652822,0.914439996275952,-0.10822799717358911,2412,0.22456009682524905,29466.0,32223.0,-2757.0
3.0,2.5,0.8333333333333334,22587,11846,10741,0.5244609731261345,0.9190640225925581,-0.1154646478062602,1763,0.1641374173726841,29615.0,32223.0,-2608.0
3.0,3.0,1.0,20084,9343,10741,0.4651961760605457,0.8698445209943209,-0.20882294363672593,1301,0.12112466250814635,28029.0,32223.0,-4194.0
3.0,4.0,1.3333333333333333,16700,5959,10741,0.3568263473053892,0.7397200757223101,-0.5022155688622756,771,0.07178102597523509,23836.0,32223.0,-8387.0
3.0,5.0,1.6666666666666667,14636,3895,10741,0.2661246242142662,0.6043819631939918,-0.8710030062858705,476,0.04431617167861465,19475.0,32223.0,-12748.0
3.0,6.0,2.0,13307,2566,10741,0.19283084091079883,0.4777953635601899,-1.2645224318028103,286,0.02662694348757099,15396.0,32223.0,-16827.0
3.0,7.0,2.3333333333333335,12471,1730,10741,0.13872183465640286,0.37581851472550665,-1.6127816534359716,168,0.01564100176892282,12110.0,32223.0,-20113.0
3.0,8.0,2.6666666666666665,11951,1210,10741,0.10124675759350682,0.3004065419110573,-1.8862856664714251,114,0.0106135369146262,9680.0,32223.0,-22543.0
3.0,10.0,3.3333333333333335,11373,632,10741,0.05557021014683901,0.19613319678490518,-2.277587268091093,54,0.00502746485429662,6320.0,32223.0,-25903.0
3.0,12.0,4.0,11044,303,10741,0.027435711698659906,0.11283865561865748,-2.588464324520101,31,0.002886137231170282,3636.0,32223.0,-28587.0
3.0,15.0,5.0,10870,129,10741,0.011867525298988041,0.06005027464854296,-2.786384544618215,14,0.0013034168140769015,1935.0,32223.0,-30288.0
3.5,1.0,0.2857142857142857,32247,23781,8466,0.7374639501348963,0.8025716310620634,-0.18141222439296667,3810,0.4500354358610914,23781.0,29631.0,-5850.0
3.5,1.5,0.42857142857142855,27507,19041,8466,0.6922237975787982,0.963906044345449,-0.03888101210600903,2561,0.302504134183794,28561.5,29631.0,-1069.5
3.5,2.0,0.5714285714285714,23791,15325,8466,0.6441511495943845,1.0343896594782491,0.04283132276911461,1820,0.21497755728797543,30650.0,29631.0,1019.0
3.5,2.5,0.7142857142857143,20734,12268,8466,0.5916851548181731,1.035064628260943,0.050110928909038455,1341,0.15839829907866762,30670.0,29631.0,1039.0
3.5,3.0,0.8571428571428571,18111,9645,8466,0.5325492794434322,0.9765110863622557,-0.038429683617690724,999,0.11800141743444366,28935.0,29631.0,-696.0
3.5,4.0,1.1428571428571428,14604,6138,8466,0.42029580936729666,0.8285916776349094,-0.34778142974527504,592,0.06992676588707772,24552.0,29631.0,-5079.0
3.5,5.0,1.4285714285714286,12458,3992,8466,0.32043666720179803,0.6736188451284129,-0.7762883287847169,379,0.04476730451216631,19960.0,29631.0,-9671.0
3.5,6.0,1.7142857142857142,11090,2624,8466,0.23660955816050497,0.5313354257365597,-1.2522091974752028,228,0.026931254429482635,15744.0,29631.0,-13887.0
3.5,7.0,2.0,10228,1762,8466,0.17227219397731716,0.41625324828726673,-1.6911419632381697,136,0.01606425702811245,12334.0,29631.0,-17297.0
3.5,8.0,2.2857142857142856,9700,1234,8466,0.12721649484536082,0.3331645911376599,-2.037010309278351,90,0.010630758327427357,9872.0,29631.0,-19759.0
3.5,10.0,2.857142857142857,9112,646,8466,0.0708955223880597,0.21801491681009752,-2.5429104477611943,40,0.004724781478856603,6460.0,29631.0,-23171.0
3.5,12.0,3.4285714285714284,8778,312,8466,0.0355434039644566,0.12635415612027945,-2.949077238550923,22,0.0025986298133711316,3744.0,29631.0,-25887.0
3.5,15.0,4.285714285714286,8600,134,8466,0.015581395348837209,0.06783436266072694,-3.211744186046512,9,0.0010630758327427356,2010.0,29631.0,-27621.0
4.0,1.0,0.25,31388,24546,6842,0.7820186058366254,0.8968868751826952,-0.08990697081687293,3045,0.44504530838935985,24546.0,27368.0,-2822.0
4.0,1.5,0.375,26399,19557,6842,0.7408235160422744,1.0718905290850629,0.07452933823250896,2045,0.2988892136802105,29335.5,27368.0,1967.5
4.0,2.0,0.5,22526,15684,6842,0.6962620971322028,1.1461560947091494,0.17757258279321664,1461,0.21353405437006723,31368.0,27368.0,4000.0
4.0,2.5,0.625,19374,12532,6842,0.6468462888407144,1.1447676118094126,0.20450087746464352,1077,0.15741011400175386,31330.0,27368.0,3962.0
4.0,3.0,0.75,16694,9852,6842,0.5901521504732239,1.0799473838059046,0.13106505331256724,792,0.1157556270096463,29556.0,27368.0,2188.0
4.0,4.0,1.0,13099,6257,6842,0.4776700511489427,0.9144986845951476,-0.1786395908084586,473,0.06913183279742766,25028.0,27368.0,-2340.0
4.0,5.0,1.25,10915,4073,6842,0.37315620705451213,0.7441172171879568,-0.6415941365093909,298,0.04355451622332651,20365.0,27368.0,-7003.0
4.0,6.0,1.5,9514,2672,6842,0.2808492747529956,0.5857936275942707,-1.191507252470044,180,0.026308097047646885,16032.0,27368.0,-11336.0
4.0,7.0,1.75,8631,1789,6842,0.2072760977870467,0.4575781935106694,-1.7199629243424863,109,0.01593101432329728,12523.0,27368.0,-14845.0
4.0,8.0,2.0,8095,1253,6842,0.15478690549722052,0.36626717334112835,-2.142557134033354,71,0.010377082724349606,10024.0,27368.0,-17344.0
4.0,10.0,2.5,7499,657,6842,0.08761168155754101,0.24006138555977785,-2.773436458194426,29,0.0042385267465653315,6570.0,27368.0,-20798.0
4.0,12.0,3.0,7158,316,6842,0.04414640961162336,0.13855597778427362,-3.2936574462140262,18,0.002630809704764689,3792.0,27368.0,-23576.0
4.0,15.0,3.75,6979,137,6842,0.019630319530018626,0.0750876936568255,-3.6270239289296464,6,0.0008769365682548962,2055.0,27368.0,-25313.0
4.5,1.0,0.2222222222222222,30698,25117,5581,0.8181966251873086,1.0000995440880767,8.143853019737524e-05,2474,0.44328973302275576,25117.0,25114.5,2.5
4.5,1.5,0.3333333333333333,25518,19937,5581,0.7812916372756485,1.1907662903900138,0.18774982365389126,1665,0.2983336319655976,29905.5,25114.5,4791.0
4.5,2.0,0.4444444444444444,21544,15963,5581,0.7409487560341627,1.2712178223735293,0.31616691422205734,1182,0.21179000179179358,31926.0,25114.5,6811.5
4.5,2.5,0.5555555555555556,18324,12743,5581,0.6954267627155643,1.2684903143602302,0.36798733900894987,866,0.15516932449381832,31857.5,25114.5,6743.0
4.5,3.0,0.6666666666666666,15572,9991,5581,0.641600308245569,1.1934539807680822,0.31200231184176763,653,0.11700412112524637,29973.0,25114.5,4858.5
4.5,4.0,0.8888888888888888,11921,6340,5581,0.5318345776361043,1.0097752294491231,0.020593909906886587,390,0.0698799498297796,25360.0,25114.5,245.5
4.5,5.0,1.1111111111111112,9709,4128,5581,0.42517252034195074,0.821835991160485,-0.46086105675146793,243,0.043540584124708834,20640.0,25114.5,-4474.5
4.5,6.0,1.3333333333333333,8284,2703,5581,0.32629164654756154,0.6457624081705787,-1.0739377112506037,149,0.02669772442214657,16218.0,25114.5,-8896.5
4.5,7.0,1.5555555555555556,7391,1810,5581,0.24489243674739547,0.504489438372255,-1.683736977404952,88,0.015767783551334884,12670.0,25114.5,-12444.5
4.5,8.0,1.7777777777777777,6849,1268,5581,0.18513651627974886,0.4039100917796492,-2.185793546503139,56,0.0100340440781222,10144.0,25114.5,-14970.5
4.5,10.0,2.2222222222222223,6244,663,5581,0.10618193465727098,0.2639909215791674,-2.96036194746957,23,0.004121125246371618,6630.0,25114.5,-18484.5
4.5,12.0,2.6666666666666665,5901,320,5581,0.05422809693272327,0.15289971928567161,-3.6052364006100666,14,0.00250851101953055,3840.0,25114.5,-21274.5
4.5,15.0,3.3333333333333335,5719,138,5581,0.024130092673544327,0.08242250492743236,-4.029463192865885,5,0.0008958967926894822,2070.0,25114.5,-23044.5
5.0,1.0,0.2,30073,25578,4495,0.8505303760848602,1.1380645161290324,0.10318225650916091,2013,0.4478309232480534,25578.0,22475.0,3103.0
5.0,1.5,0.3,24732,20237,4495,0.8182516577713084,1.3506340378197998,0.3186357755135043,1365,0.303670745272525,30355.5,22475.0,7880.5
5.0,2.0,0.4,20673,16178,4495,0.7825666328060755,1.4396440489432702,0.4779664296425288,967,0.21512791991101224,32356.0,22475.0,9881.0
5.0,2.5,0.5,17394,12899,4495,0.7415775554789008,1.4348164627363738,0.5618316660917559,710,0.15795328142380421,32247.5,22475.0,9772.5
5.0,3.0,0.6,14595,10100,4495,0.6920178143199726,1.3481646273637375,0.5361425145597805,544,0.12102335928809789,30300.0,22475.0,7825.0
5.0,4.0,0.8,10905,6410,4495,0.5878037597432371,1.1408231368186874,0.2902338376891338,320,0.07119021134593993,25640.0,22475.0,3165.0
5.0,5.0,1.0,8664,4169,4495,0.4811865189289012,0.9274749721913237,-0.18813481071098792,202,0.04493882091212458,20845.0,22475.0,-1630.0
5.0,6.0,1.2,7220,2725,4495,0.37742382271468145,0.7274749721913237,-0.8483379501385042,127,0.02825361512791991,16350.0,22475.0,-6125.0
5.0,7.0,1.4,6317,1822,4495,0.2884280512901694,0.5674749721913237,-1.5388633845179678,76,0.016907675194660732,12754.0,22475.0,-9721.0
5.0,8.0,1.6,5773,1278,4495,0.221375368092846,0.4549054505005562,-2.122120214793002,46,0.010233592880978866,10224.0,22475.0,-12251.0
5.0,10.0,2.0,5163,668,4495,0.12938214216540772,0.2972191323692992,-3.0592678675188836,18,0.004004449388209121,6680.0,22475.0,-15795.0
5.0,12.0,2.4,4816,321,4495,0.06665282392026578,0.17139043381535038,-3.866901993355482,13,0.0028921023359288096,3852.0,22475.0,-18623.0
5.0,15.0,3.0,4634,139,4495,0.029995684074233923,0.09276974416017797,-4.400086318515322,4,0.0008898776418242492,2085.0,22475.0,-20390.0
6.0,1.0,0.16666666666666666,29343,26245,3098,0.8944211566642811,1.4119324295244244,0.2609480966499679,1346,0.43447385409941897,26245.0,18588.0,7657.0
6.0,1.5,0.25,23818,20720,3098,0.8699303048114871,1.672046481601033,0.5244772860861535,882,0.28469980632666236,31080.0,18588.0,12492.0
6.0,2.0,0.3333333333333333,19615,16517,3098,0.8420596482283966,1.7771680654185495,0.736477185827173,628,0.2027114267269206,33034.0,18588.0,14446.0
6.0,2.5,0.4166666666666667,16245,13147,3098,0.8092951677439212,1.7682106735528298,0.87900892582333,462,0.14912846998063267,32867.5,18588.0,14279.5
6.0,3.0,0.5,13380,10282,3098,0.7684603886397608,1.659457714654616,0.9161434977578475,362,0.11684958037443512,30846.0,18588.0,12258.0
6.0,4.0,0.6666666666666666,9609,6511,3098,0.67759392236445,1.4011190015063482,0.7759392236445004,219,0.07069076823757263,26044.0,18588.0,7456.0
6.0,5.0,0.8333333333333334,7325,4227,3098,0.5770648464163822,1.1370238863783086,0.3477133105802044,144,0.046481601032924466,21135.0,18588.0,2547.0
6.0,6.0,1.0,5862,2764,3098,0.47151142954622993,0.8921885087153002,-0.3418628454452408,88,0.028405422853453842,16584.0,18588.0,-2004.0
6.0,7.0,1.1666666666666667,4945,1847,3098,0.37350859453993934,0.6955562728642135,-1.1443882709807882,51,0.01646223369916075,12929.0,18588.0,-5659.0
6.0,8.0,1.3333333333333333,4394,1296,3098,0.2949476558944015,0.5577792123950936,-1.870732817478379,28,0.009038089089735314,10368.0,18588.0,-8220.0
6.0,10.0,1.6666666666666667,3770,672,3098,0.17824933687002653,0.3615235635894125,-3.1480106100795755,14,0.004519044544867657,6720.0,18588.0,-11868.0
6.0,12.0,2.0,3423,325,3098,0.09494595384165937,0.20981278244028406,-4.290972830850132,9,0.002905100064557779,3900.0,18588.0,-14688.0
6.0,15.0,2.5,3239,141,3098,0.04353195430688484,0.11378308586184635,-5.0858289595554185,2,0.0006455777921239509,2115.0,18588.0,-16473.0
7.0,1.0,0.14285714285714285,28856,26683,2173,0.9246950374272248,1.7541910459535863,0.39756029941779847,908,0.41785549930971005,26683.0,15211.0,11472.0
7.0,1.5,0.21428571428571427,23172,20999,2173,0.9062230277921629,2.07077115245546,0.7028957362333846,603,0.2774965485503912,31498.5,15211.0,16287.5
7.0,2.0,0.2857142857142857,18879,16706,2173,0.8848985645426135,2.1965682729603575,0.9640870808835216,439,0.20202485043718363,33412.0,15211.0,18201.0
7.0,2.5,0.35714285714285715,15454,13281,2173,0.8593891549113498,2.18279534547367,1.1641969716578235,328,0.1509433962264151,33202.5,15211.0,17991.5
7.0,3.0,0.42857142857142855,12559,10386,2173,0.8269766701170476,2.048386036421011,1.2697667011704759,258,0.11872986654394846,31158.0,15211.0,15947.0
7.0,4.0,0.5714285714285714,8752,6579,2173,0.7517138939670932,1.7300637696403918,1.2688528336380251,151,0.06948918545789232,26316.0,15211.0,11105.0
7.0,5.0,0.7142857142857143,6446,4273,2173,0.6628917157927396,1.4045756360528565,0.9547005895128757,98,0.04509894155545329,21365.0,15211.0,6154.0
7.0,6.0,0.8571428571428571,4975,2802,2173,0.5632160804020101,1.1052527775951615,0.3218090452261313,50,0.02300966405890474,16812.0,15211.0,1601.0
7.0,7.0,1.0,4042,1869,2173,0.4623948540326571,0.8601012425218592,-0.5264720435428005,29,0.013345605154164749,13083.0,15211.0,-2128.0
7.0,8.0,1.1428571428571428,3479,1306,2173,0.3753952285139408,0.6868713431069621,-1.3690715722908884,18,0.008283479061205707,10448.0,15211.0,-4763.0
7.0,10.0,1.4285714285714286,2849,676,2173,0.23727623727623728,0.44441522582341725,-2.9663039663039665,10,0.004601932811780948,6760.0,15211.0,-8451.0
7.0,12.0,1.7142857142857142,2502,329,2173,0.13149480415667467,0.25954901058444546,-4.501598721023181,5,0.002300966405890474,3948.0,15211.0,-11263.0
7.0,15.0,2.142857142857143,2315,142,2173,0.061339092872570194,0.14003024127276315,-5.650539956803455,1,0.0004601932811780948,2130.0,15211.0,-13081.0
8.0,1.0,0.125,28466,26896,1570,0.9448464835242043,2.1414012738853505,0.5036183517178388,695,0.4426751592356688,26896.0,12560.0,14336.0
8.0,1.5,0.1875,22711,21141,1570,0.9308705032803487,2.5248009554140127,0.8432697811633127,461,0.29363057324840763,31711.5,12560.0,19151.5
8.0,2.0,0.25,18378,16808,1570,0.914571770595277,2.6764331210191084,1.1457177059527694,337,0.21464968152866243,33616.0,12560.0,21056.0
8.0,2.5,0.3125,14927,13357,1570,0.8948214644603738,2.658638535031847,1.3956253768339248,252,0.16050955414012738,33392.5,12560.0,20832.5
8.0,3.0,0.375,12017,10447,1570,0.8693517516851128,2.4953025477707005,1.5628692685362409,197,0.12547770700636943,31341.0,12560.0,18781.0
8.0,4.0,0.5,8192,6622,1570,0.808349609375,2.108917197452229,1.7001953125,108,0.06878980891719745,26488.0,12560.0,13928.0
8.0,5.0,0.625,5874,4304,1570,0.7327204630575417,1.713375796178344,1.5253660197480419,67,0.04267515923566879,21520.0,12560.0,8960.0
8.0,6.0,0.75,4389,2819,1570,0.6422875370243791,1.346656050955414,0.9920255183413076,33,0.021019108280254776,16914.0,12560.0,4354.0
8.0,7.0,0.875,3448,1878,1570,0.5446635730858469,1.046656050955414,0.16995359628770323,20,0.012738853503184714,13146.0,12560.0,586.0
8.0,8.0,1.0,2882,1312,1570,0.45523941707147814,0.8356687898089172,-0.7161693268563494,12,0.007643312101910828,10496.0,12560.0,-2064.0
8.0,10.0,1.25,2251,681,1570,0.3025322079075966,0.5421974522292994,-2.554420257663261,5,0.0031847133757961785,6810.0,12560.0,-5750.0
8.0,12.0,1.5,1901,331,1570,0.174118884797475,0.3162420382165605,-4.5176223040505,3,0.001910828025477707,3972.0,12560.0,-8588.0
8.0,15.0,1.875,1712,142,1570,0.08294392523364486,0.1695859872611465,-6.0922897196261685,1,0.0006369426751592356,2130.0,12560.0,-10430.0
